,sensitivity,specificity,auc,acc
0,0.9,0.625,0.858125,0.7625
1,0.925,0.825,0.91875,0.875
2,0.875,0.725,0.87625,0.8
3,0.8,0.875,0.9275,0.8375
4,0.95,0.825,0.944375,0.8875
average,0.89,0.775,0.905,0.8324999999999999
median,0.9,0.825,0.91875,0.91875
