,sensitivity,specificity,auc,acc
0,0.95,0.425,0.796875,0.6875
1,0.775,0.75,0.8253125,0.7625
2,0.775,0.7,0.839375,0.7375
3,0.85,0.825,0.9043749999999999,0.8375
4,0.925,0.875,0.9450000000000001,0.9
average,0.8550000000000001,0.7150000000000001,0.8621874999999999,0.7849999999999999
median,0.85,0.75,0.839375,0.839375
